City_ID,City,Country,Date,Lat,Lng,Max Temp,Humidity,Cloudiness,Wind Speed
0,Moose Factory,CA,2021-08-02 05:44:17,51.2585,-80.6094,51.8,93,90,6.91
1,Atuona,PF,2021-08-02 05:43:32,-9.8,-139.0333,77.5,69,32,13.18
2,Sola,VU,2021-08-02 05:44:17,-13.8833,167.55,75.92,61,77,14.05
3,Cockburn Town,TC,2021-08-02 05:43:55,21.4612,-71.1419,81.99,79,100,19.8
4,Cape Town,ZA,2021-08-02 05:42:27,-33.9258,18.4232,56.1,90,0,1.99
5,Bredasdorp,ZA,2021-08-02 05:43:32,-34.5322,20.0403,55.27,94,100,6.91
6,Batagay-Alyta,RU,2021-08-02 05:44:18,67.8006,130.4114,75.06,35,0,7.02
7,Hermanus,ZA,2021-08-02 05:43:30,-34.4187,19.2345,55.8,88,76,11.16
8,Vaini,TO,2021-08-02 05:43:59,-21.2,-175.2,71.76,83,40,13.8
9,Hobyo,SO,2021-08-02 05:44:19,5.3505,48.5268,81.25,65,7,23.51
10,Tena,EC,2021-08-02 05:44:19,-0.9833,-77.8167,66.06,92,98,1.9
11,Tiksi,RU,2021-08-02 05:44:20,71.6872,128.8694,55.81,56,8,5.91
12,San Quintin,MX,2021-08-02 05:44:20,30.4833,-115.95,69.1,80,32,9.15
13,Iqaluit,CA,2021-08-02 05:44:21,63.7506,-68.5145,47.93,100,90,0.0
14,Alofi,NU,2021-08-02 05:44:21,-19.0595,-169.9187,75.09,78,75,12.66
15,Lebu,CL,2021-08-02 05:44:22,-37.6167,-73.65,49.53,84,5,17.31
16,Magdagachi,RU,2021-08-02 05:44:22,53.45,125.8,73.38,43,3,4.36
17,Borogontsy,RU,2021-08-02 05:44:22,62.6683,131.1683,85.17,20,89,11.97
18,Jiutai,CN,2021-08-02 05:44:23,44.1525,125.8328,70.14,99,100,8.95
19,Port Alfred,ZA,2021-08-02 05:43:22,-33.5906,26.891,59.59,81,92,12.19
20,Airai,TL,2021-08-02 05:43:24,-8.9266,125.4092,71.74,57,35,4.05
21,Rikitea,PF,2021-08-02 05:43:27,-23.1203,-134.9692,69.62,56,20,22.19
22,Hilo,US,2021-08-02 05:42:00,19.7297,-155.09,74.8,90,65,6.53
23,Butaritari,KI,2021-08-02 05:43:51,3.0707,172.7902,83.3,68,42,6.89
24,Lorengau,PG,2021-08-02 05:44:24,-2.0226,147.2712,84.09,75,65,9.13
25,Talnakh,RU,2021-08-02 05:43:25,69.4865,88.3972,71.53,50,44,7.34
26,Yellowknife,CA,2021-08-02 05:43:30,62.456,-114.3525,72.28,56,20,6.91
27,Ushuaia,AR,2021-08-02 05:43:23,-54.8,-68.3,40.66,75,0,5.75
28,Kapaa,US,2021-08-02 05:43:59,22.0752,-159.319,84.18,77,75,3.0
29,Tasiilaq,GL,2021-08-02 05:44:25,65.6145,-37.6368,44.76,78,100,4.18
30,Saquarema,BR,2021-08-02 05:44:26,-22.92,-42.5103,58.75,81,8,8.86
31,Say,NE,2021-08-02 05:44:26,13.1007,2.3689,81.16,74,93,10.85
32,Albany,US,2021-08-02 05:39:49,42.6001,-73.9662,63.75,95,96,2.04
33,Pingliang,CN,2021-08-02 05:44:26,35.5392,106.6861,94.66,18,33,13.91
34,Punta Arenas,CL,2021-08-02 05:41:06,-53.15,-70.9167,39.31,81,40,23.02
35,Saint-Augustin,CA,2021-08-02 05:42:07,51.226,-58.6502,51.51,86,72,7.96
36,Meulaboh,ID,2021-08-02 05:44:27,4.1363,96.1285,82.08,69,94,3.44
37,Hohhot,CN,2021-08-02 05:43:56,40.8106,111.6522,79.09,36,0,4.47
38,Bambous Virieux,MU,2021-08-02 05:44:28,-20.3428,57.7575,71.85,68,75,12.66
39,Chifeng,CN,2021-08-02 05:44:28,42.2683,118.9636,64.53,87,70,8.79
40,Busselton,AU,2021-08-02 05:43:26,-33.65,115.3333,58.05,67,100,10.78
41,Stornoway,GB,2021-08-02 05:44:29,58.2093,-6.3865,51.93,76,75,4.61
42,Itarema,BR,2021-08-02 05:44:12,-2.9248,-39.9167,74.35,64,56,8.12
43,Westport,US,2021-08-02 05:44:29,41.1415,-73.3579,69.55,85,59,8.99
44,Saint George,US,2021-08-02 05:41:01,37.1041,-113.5841,86.63,40,1,1.99
45,Qaanaaq,GL,2021-08-02 05:43:58,77.484,-69.3632,39.94,89,69,5.68
46,Nahan,IN,2021-08-02 05:44:30,30.55,77.3,88.39,60,23,5.3
47,Port Hedland,AU,2021-08-02 05:44:31,-20.3167,118.5667,77.05,20,0,16.11
48,Salalah,OM,2021-08-02 05:44:31,17.0151,54.0924,77.09,100,90,5.75
49,Saint-Pierre,RE,2021-08-02 05:44:32,-21.3393,55.4781,74.28,61,13,12.66
50,Aykhal,RU,2021-08-02 05:44:32,66.0,111.5,79.97,28,39,14.41
51,Awbari,LY,2021-08-02 05:44:33,26.5921,12.7805,84.24,13,1,4.88
52,Georgetown,MY,2021-08-02 05:40:41,5.4112,100.3354,89.55,69,40,5.75
53,New Norfolk,AU,2021-08-02 05:43:29,-42.7826,147.0587,56.91,64,84,6.91
54,Bouna,CI,2021-08-02 05:44:34,9.2667,-3.0,68.32,98,24,3.85
55,Carutapera,BR,2021-08-02 05:44:34,-1.195,-46.02,71.56,89,63,1.39
56,Quebo,GW,2021-08-02 05:44:35,11.3333,-14.9333,73.49,97,62,4.92
57,East London,ZA,2021-08-02 05:43:57,-33.0153,27.9116,56.34,94,75,8.05
58,Thompson,CA,2021-08-02 05:44:36,55.7435,-97.8558,64.56,77,40,4.61
59,Saint-Philippe,RE,2021-08-02 05:43:25,-21.3585,55.7679,74.21,67,41,8.95
60,Hamilton,US,2021-08-02 05:41:52,39.1834,-84.5333,64.15,84,1,1.01
61,Najran,SA,2021-08-02 05:44:36,17.4924,44.1277,86.65,30,78,11.25
62,Codrington,AU,2021-08-02 05:44:37,-38.2667,141.9667,56.84,69,8,17.67
63,Saint-Leu,RE,2021-08-02 05:44:37,-21.15,55.2833,73.67,63,18,2.57
64,Mataura,NZ,2021-08-02 05:43:45,-46.1927,168.8643,43.48,98,100,3.18
65,Sao Joao Evangelista,BR,2021-08-02 05:44:37,-18.5478,-42.7633,47.23,95,18,1.21
66,Cidreira,BR,2021-08-02 05:44:38,-30.1811,-50.2056,51.82,92,4,8.63
67,San Miguelito,PA,2021-08-02 05:44:38,9.0333,-79.5,79.56,90,75,1.99
68,Castro,BR,2021-08-02 05:44:39,-24.7911,-50.0119,43.79,98,13,2.06
69,Lompoc,US,2021-08-02 05:44:39,34.6391,-120.4579,62.91,83,1,3.44
70,Ballina,AU,2021-08-02 05:43:57,-28.8667,153.5667,66.24,88,90,9.22
71,Victoria,HK,2021-08-02 05:43:45,22.2855,114.1577,89.65,97,100,2.66
72,Leeton,AU,2021-08-02 05:44:40,-34.5667,146.4,62.51,48,0,12.66
73,Antofagasta,CL,2021-08-02 05:44:40,-23.65,-70.4,56.48,77,59,2.48
74,Dukat,RU,2021-08-02 05:44:41,62.55,155.55,33.28,94,100,11.03
75,Penzance,GB,2021-08-02 05:44:41,50.1186,-5.5371,58.21,80,51,7.0
76,Nikolsk,RU,2021-08-02 05:44:41,53.7189,46.0712,80.67,51,7,6.51
77,Hobart,AU,2021-08-02 05:43:59,-42.8794,147.3294,57.25,58,75,1.01
78,Manuk Mangkaw,PH,2021-08-02 05:44:42,4.8,119.85,84.49,74,98,17.27
79,Alice Springs,AU,2021-08-02 05:44:42,-23.7,133.8833,74.21,21,34,11.99
80,Puerto Ayora,EC,2021-08-02 05:43:30,-0.7393,-90.3518,70.56,92,49,3.0
81,Nouadhibou,MR,2021-08-02 05:44:43,20.931,-17.0347,71.58,78,0,13.8
82,Omboue,GA,2021-08-02 05:44:43,-1.5746,9.2618,74.03,83,80,5.17
83,Geraldton,AU,2021-08-02 05:44:43,-28.7667,114.6,65.12,72,47,11.5
84,Ribeira Grande,PT,2021-08-02 05:43:55,38.5167,-28.7,73.11,93,41,12.08
85,Hofn,IS,2021-08-02 05:44:44,64.2539,-15.2082,53.33,93,100,5.14
86,Jamestown,US,2021-08-02 05:44:44,42.097,-79.2353,62.19,98,90,3.0
87,Kropotkin,RU,2021-08-02 05:44:45,45.4375,40.5756,88.03,35,1,3.78
88,Sioux Lookout,CA,2021-08-02 05:44:45,50.1001,-91.917,66.27,68,90,2.3
89,Nakonde,ZM,2021-08-02 05:44:45,-9.3421,32.745,60.62,61,59,7.31
90,Arraial Do Cabo,BR,2021-08-02 05:44:00,-22.9661,-42.0278,64.63,77,17,14.34
91,Vanimo,PG,2021-08-02 05:43:51,-2.6741,141.3028,84.78,68,40,7.29
92,Asfi,MA,2021-08-02 05:44:46,32.2994,-9.2372,64.27,89,13,11.95
93,Husavik,IS,2021-08-02 05:43:53,66.0449,-17.3389,49.91,72,100,0.92
94,Los Llanos De Aridane,ES,2021-08-02 05:44:47,28.6585,-17.9182,67.75,85,20,20.71
95,Mahibadhoo,MV,2021-08-02 05:44:47,3.7833,72.9667,82.8,72,100,9.31
96,Avarua,CK,2021-08-02 05:44:11,-21.2078,-159.775,78.85,89,75,14.97
97,Mlonggo,ID,2021-08-02 05:44:48,-6.5333,110.7,89.49,58,27,8.37
98,Nola,IT,2021-08-02 05:44:48,40.922,14.5329,82.17,54,2,3.22
99,Khani,GE,2021-08-02 05:44:49,41.9563,42.9566,69.37,59,4,4.14
100,Luderitz,NA,2021-08-02 05:43:37,-26.6481,15.1594,63.46,34,0,6.69
101,Atar,MR,2021-08-02 05:44:49,20.5169,-13.0499,82.36,53,69,9.46
102,Fairbanks,US,2021-08-02 05:40:44,64.8378,-147.7164,73.4,65,1,3.44
103,Half Moon Bay,US,2021-08-02 05:43:26,37.4636,-122.4286,64.58,80,1,0.0
104,Hithadhoo,MV,2021-08-02 05:43:44,-0.6,73.0833,81.64,71,79,6.04
105,Belmonte,BR,2021-08-02 05:44:50,-15.8631,-38.8828,63.1,81,100,11.74
106,Upernavik,GL,2021-08-02 05:44:05,72.7868,-56.1549,42.22,78,2,8.97
107,Imbituba,BR,2021-08-02 05:44:50,-28.24,-48.6703,58.89,90,52,8.21
108,Mayo,US,2021-08-02 05:44:51,38.8876,-76.5119,70.25,95,40,1.01
109,Poya,NC,2021-08-02 05:44:51,-21.35,165.15,68.68,56,0,10.09
110,Tabuk,PH,2021-08-02 05:44:52,17.4189,121.4443,91.8,55,100,3.8
111,Carnarvon,AU,2021-08-02 05:44:52,-24.8667,113.6333,66.27,30,0,17.27
112,Saskylakh,RU,2021-08-02 05:43:59,71.9167,114.0833,81.84,30,9,9.86
113,Stokmarknes,NO,2021-08-02 05:44:53,68.5646,14.9108,49.5,88,100,8.52
114,Mount Isa,AU,2021-08-02 05:44:53,-20.7333,139.5,92.97,20,75,10.36
115,Dolores,AR,2021-08-02 05:44:53,-36.3132,-57.6792,40.5,93,0,3.83
116,Saint-Georges,GD,2021-08-02 05:44:54,12.0564,-61.7485,79.05,84,8,10.04
117,Bluff,NZ,2021-08-02 05:43:37,-46.6,168.3333,43.81,88,100,12.86
118,Beckley,US,2021-08-02 05:44:54,37.7782,-81.1882,62.19,99,1,0.0
119,Cabo San Lucas,MX,2021-08-02 05:40:25,22.8909,-109.9124,86.61,79,44,8.01
120,Ilulissat,GL,2021-08-02 05:44:09,69.2167,-51.1,57.22,41,0,24.16
121,Veraval,IN,2021-08-02 05:44:55,20.9,70.3667,82.72,81,100,20.49
122,Severo-Kurilsk,RU,2021-08-02 05:44:56,50.6789,156.125,56.95,71,15,14.03
123,Sao Filipe,CV,2021-08-02 05:43:47,14.8961,-24.4956,75.43,77,15,2.46
124,Ovalle,CL,2021-08-02 05:44:56,-30.5983,-71.2003,64.13,30,0,2.95
125,Cap Malheureux,MU,2021-08-02 05:44:57,-19.9842,57.6142,72.09,73,5,4.0
126,Coihaique,CL,2021-08-02 05:44:57,-45.5752,-72.0662,48.15,76,90,4.61
127,Portland,US,2021-08-02 05:42:32,45.5234,-122.6762,76.59,68,20,1.01
128,Cherskiy,RU,2021-08-02 05:44:58,68.75,161.3,44.87,66,66,20.0
129,Dikson,RU,2021-08-02 05:43:41,73.5069,80.5464,41.83,96,97,6.44
130,Provideniya,RU,2021-08-02 05:44:58,64.3833,-173.3,44.71,81,90,20.13
131,Agadir,MA,2021-08-02 05:44:58,30.4202,-9.5982,61.25,77,0,1.45
132,Minamiashigara,JP,2021-08-02 05:44:59,35.3193,139.099,93.56,66,74,6.4
133,Rafai,CF,2021-08-02 05:44:59,4.95,23.9167,68.43,94,100,0.87
134,Satuk,TR,2021-08-02 05:45:00,41.2263,32.3836,62.38,42,0,2.48
135,Isiro,CD,2021-08-02 05:45:00,2.7739,27.616,67.48,96,100,2.39
136,Khatanga,RU,2021-08-02 05:44:02,71.9667,102.5,74.05,43,68,3.62
137,Faanui,PF,2021-08-02 05:45:00,-16.4833,-151.75,77.79,72,33,15.79
138,Port Hardy,CA,2021-08-02 05:45:01,50.6996,-127.4199,60.98,82,75,6.91
139,Nome,US,2021-08-02 05:45:01,64.5011,-165.4064,55.11,100,90,9.22
140,Darab,IR,2021-08-02 05:45:02,28.7519,54.5444,91.98,25,96,1.48
141,Arona,ES,2021-08-02 05:44:04,28.0996,-16.681,66.74,72,20,5.75
142,Arlit,NE,2021-08-02 05:45:02,18.7369,7.3853,90.84,35,8,13.82
143,Awjilah,LY,2021-08-02 05:45:03,29.1081,21.2869,87.37,30,1,5.35
144,Longido,TZ,2021-08-02 05:45:03,-2.7333,36.6833,64.31,60,70,10.36
145,Cayenne,GF,2021-08-02 05:44:03,4.9333,-52.3333,74.08,91,75,3.0
146,Nagato,JP,2021-08-02 05:45:04,34.3833,131.2,88.25,67,98,9.15
147,Ipilan,PH,2021-08-02 05:45:04,8.8431,117.9033,86.97,69,57,17.16
148,Owando,CG,2021-08-02 05:45:05,-0.4819,15.8999,76.12,63,87,1.88
149,Yaya,RU,2021-08-02 05:45:05,56.206,86.44,72.81,62,90,1.28
150,Alta Floresta,BR,2021-08-02 05:42:56,-9.8756,-56.0861,76.19,40,34,3.78
151,Sur,OM,2021-08-02 05:45:06,22.5667,59.5289,96.21,45,94,6.49
152,Gazanjyk,TM,2021-08-02 05:45:06,39.2446,55.5154,94.37,10,1,2.39
153,Hay River,CA,2021-08-02 05:42:28,60.8156,-115.7999,78.78,47,20,5.75
154,Lerwick,GB,2021-08-02 05:45:07,60.1545,-1.1494,48.2,78,100,11.25
155,Ancud,CL,2021-08-02 05:45:07,-41.8697,-73.8203,47.73,91,100,2.93
156,Cairns,AU,2021-08-02 05:42:03,-16.9167,145.7667,85.06,55,2,14.97
157,Marystown,CA,2021-08-02 05:45:08,47.1666,-55.1483,55.56,93,12,7.45
158,Bonoua,CI,2021-08-02 05:45:08,5.2741,-3.595,74.82,94,2,2.35
159,Fortuna,US,2021-08-02 05:45:08,40.5982,-124.1573,66.42,74,90,1.01
160,Tarragona,ES,2021-08-02 05:41:37,41.129,1.249,68.4,68,88,0.76
161,Kutum,SD,2021-08-02 05:45:09,14.2,24.6667,72.91,67,86,15.48
162,Ponta Do Sol,PT,2021-08-02 05:45:09,32.6667,-17.1,74.03,75,2,4.47
163,Khandyga,RU,2021-08-02 05:45:10,62.6667,135.6,85.1,21,0,3.31
164,Kloulklubed,PW,2021-08-02 05:45:10,7.0419,134.2556,84.7,76,100,14.7
165,Novikovo,RU,2021-08-02 05:45:10,51.1537,37.8879,83.95,41,46,6.71
166,San Andres,CO,2021-08-02 05:40:22,12.5847,-81.7006,82.42,89,40,16.11
167,Andenes,NO,2021-08-02 05:45:11,69.3143,16.1194,47.07,93,75,16.11
168,Aksarka,RU,2021-08-02 05:44:05,66.5606,67.7975,65.77,65,80,6.6
169,Cubatao,BR,2021-08-02 05:44:32,-23.895,-46.4253,63.0,26,43,2.1
170,Tautira,PF,2021-08-02 05:45:12,-17.7333,-149.15,75.22,69,2,11.45
171,Kaitangata,NZ,2021-08-02 05:43:54,-46.2817,169.8464,49.93,78,100,8.16
172,Chokurdakh,RU,2021-08-02 05:43:50,70.6333,147.9167,53.38,43,22,8.05
173,Ulaanbaatar,MN,2021-08-02 05:45:12,47.9077,106.8832,62.73,72,75,13.42
174,Clyde River,CA,2021-08-02 05:45:13,70.4692,-68.5914,39.43,93,90,14.97
175,Fukue,JP,2021-08-02 05:45:13,32.6881,128.8419,86.36,79,75,11.5
176,Avera,US,2021-08-02 05:45:13,33.194,-82.5271,79.72,85,29,5.1
177,Nsukka,NG,2021-08-02 05:45:14,6.8561,7.3927,68.09,97,98,2.19
178,Leningradskiy,RU,2021-08-02 05:43:40,69.3833,178.4167,33.06,99,100,12.08
179,Souillac,MU,2021-08-02 05:44:03,-20.5167,57.5167,71.98,68,75,12.66
180,Shimoda,JP,2021-08-02 05:45:15,34.6667,138.95,87.91,79,91,10.47
181,Chuy,UY,2021-08-02 05:44:04,-33.6971,-53.4616,50.67,95,92,5.82
182,Eureka,US,2021-08-02 05:45:15,40.8021,-124.1637,66.67,77,29,1.01
183,Aripuana,BR,2021-08-02 05:45:16,-9.1667,-60.6333,69.03,50,51,3.06
184,Sao Joao Da Barra,BR,2021-08-02 05:45:16,-21.6403,-41.0511,61.56,80,42,4.88
185,Bail Hongal,IN,2021-08-02 05:45:16,15.8167,74.8667,76.64,64,96,20.89
186,Odweyne,SO,2021-08-02 05:45:17,9.4092,45.064,74.43,56,26,27.38
187,Craig,US,2021-08-02 05:45:17,40.5153,-107.5464,64.02,67,1,0.0
188,Labuan,MY,2021-08-02 05:45:18,5.2767,115.2417,87.96,66,20,8.99
189,Saint-Joseph,RE,2021-08-02 05:45:18,-21.3667,55.6167,73.2,65,22,7.31
190,Mar Del Plata,AR,2021-08-02 05:43:34,-38.0023,-57.5575,41.09,31,90,10.0
191,Tilichiki,RU,2021-08-02 05:45:18,60.4667,166.1,52.61,75,99,6.76
192,Lillooet,CA,2021-08-02 05:45:17,50.6856,-121.942,66.92,86,67,1.72
193,Dingle,PH,2021-08-02 05:45:19,10.9995,122.6711,88.25,65,99,15.59
194,Bandarbeyla,SO,2021-08-02 05:43:47,9.4942,50.8122,86.36,51,23,34.05
195,Yevlax,AZ,2021-08-02 05:45:20,40.6089,47.1492,80.58,57,0,4.61
196,Torbay,CA,2021-08-02 05:43:52,47.6666,-52.7314,58.57,93,75,16.11
197,Karabuk,TR,2021-08-02 05:45:20,41.2049,32.6277,64.72,48,0,2.39
198,Uchiza,PE,2021-08-02 05:45:21,-8.4592,-76.4633,64.22,97,53,2.19
199,Maragogi,BR,2021-08-02 05:45:21,-9.0122,-35.2225,71.69,84,22,11.45
200,Carlet,ES,2021-08-02 05:45:21,39.2333,-0.5167,74.32,70,90,5.99
201,Pitimbu,BR,2021-08-02 05:45:22,-7.4706,-34.8086,72.19,85,44,16.08
202,Krasavino,RU,2021-08-02 05:45:22,60.9614,46.4814,65.26,81,75,8.28
203,Kodiak,US,2021-08-02 05:43:43,57.79,-152.4072,54.91,94,90,3.44
204,Narsaq,GL,2021-08-02 05:45:23,60.9167,-46.05,53.82,96,100,5.26
205,Coos Bay,US,2021-08-02 05:43:59,43.3665,-124.2179,61.0,94,90,9.22
206,Turukhansk,RU,2021-08-02 05:45:23,65.8167,87.9833,76.42,41,97,9.71
207,Mount Gambier,AU,2021-08-02 05:45:23,-37.8333,140.7667,53.51,76,90,19.57
208,Bethel,US,2021-08-02 05:45:24,41.3712,-73.414,67.5,93,90,4.61
209,Balaipungut,ID,2021-08-02 05:45:24,1.05,101.2833,91.81,48,86,3.11
210,Kuminskiy,RU,2021-08-02 05:45:25,58.6667,66.5667,71.71,52,5,10.67
211,Aransas Pass,US,2021-08-02 05:45:25,27.9095,-97.15,84.97,86,1,14.0
212,Kavieng,PG,2021-08-02 05:45:25,-2.5744,150.7967,82.92,77,9,9.93
213,Charlestown,AU,2021-08-02 05:40:29,-32.95,151.6667,67.01,62,78,4.0
214,Elbistan,TR,2021-08-02 05:45:26,38.2059,37.1983,75.65,36,0,3.29
215,Lagoa,PT,2021-08-02 05:45:26,39.05,-27.9833,72.18,94,100,11.72
216,Santiago De Las Vegas,CU,2021-08-02 05:45:27,22.97,-82.3869,74.82,100,20,1.14
217,Carballo,ES,2021-08-02 05:45:27,43.213,-8.691,60.87,94,47,3.58
218,Klaksvik,FO,2021-08-02 05:43:28,62.2266,-6.589,47.32,79,98,4.09
219,Yamada,JP,2021-08-02 05:45:28,39.4667,141.95,83.98,72,30,12.77
220,Haifa,IL,2021-08-02 05:43:03,32.8156,34.9892,83.21,79,20,1.14
221,Raduzhnyy,RU,2021-08-02 05:44:46,62.0961,77.475,68.14,51,100,7.63
222,Batemans Bay,AU,2021-08-02 05:45:28,-35.7167,150.1833,64.2,57,3,14.76
223,Balaghat,IN,2021-08-02 05:45:29,21.8,80.1833,80.06,81,100,13.78
224,Seremban,MY,2021-08-02 05:45:29,2.7297,101.9381,89.15,54,50,6.58
225,Norman Wells,CA,2021-08-02 05:44:10,65.282,-126.8329,77.04,47,20,3.44
226,Saint Anthony,US,2021-08-02 05:43:27,45.0205,-93.218,65.14,75,1,0.0
227,Jumla,NP,2021-08-02 05:45:30,29.2747,82.1838,73.78,74,85,4.72
228,Jurm,AF,2021-08-02 05:45:30,36.8648,70.8342,80.8,24,0,5.17
229,Le Mars,US,2021-08-02 05:45:31,42.7942,-96.1656,63.82,100,20,0.0
230,Kem,RU,2021-08-02 05:45:31,64.9555,34.5793,64.06,72,31,9.15
231,Mercedes,AR,2021-08-02 05:45:31,-34.6515,-59.4307,46.83,81,0,4.36
232,Parit Buntar,MY,2021-08-02 05:45:32,5.1267,100.4932,89.94,64,87,3.06
233,Dangriga,BZ,2021-08-02 05:45:32,16.9692,-88.2321,80.98,84,100,8.95
234,Ivanava,BY,2021-08-02 05:45:33,52.1451,25.5365,65.98,87,56,18.37
235,Birao,CF,2021-08-02 05:45:33,10.2849,22.7882,69.91,97,96,4.36
236,Gannan,CN,2021-08-02 05:45:34,47.9147,123.5031,70.0,71,100,7.78
237,Garowe,SO,2021-08-02 05:45:34,8.4054,48.4845,81.73,49,51,31.16
238,Smithers,CA,2021-08-02 05:45:17,54.7804,-127.1743,75.52,53,40,3.44
239,Barrow,US,2021-08-02 05:43:35,71.2906,-156.7887,44.62,83,90,11.5
240,Harkany,HU,2021-08-02 05:45:35,45.85,18.2367,67.37,63,0,9.22
241,Longyearbyen,SJ,2021-08-02 05:43:31,78.2186,15.6401,44.44,76,75,9.22
242,Coquimbo,CL,2021-08-02 05:45:36,-29.9533,-71.3436,53.33,100,90,10.36
243,Nuuk,GL,2021-08-02 05:45:36,64.1835,-51.7216,56.01,67,75,6.91
244,Evensk,RU,2021-08-02 05:45:37,61.95,159.2333,55.02,57,100,14.41
245,Sitka,US,2021-08-02 05:45:37,57.0531,-135.33,62.49,72,75,0.0
246,Noumea,NC,2021-08-02 05:45:37,-22.2763,166.4572,69.78,61,4,7.74
247,Panama City,PA,2021-08-02 05:45:38,8.9936,-79.5197,80.06,90,75,3.44
248,Vestmannaeyjar,IS,2021-08-02 05:45:38,63.4427,-20.2734,53.33,84,90,4.32
249,Tamandare,BR,2021-08-02 05:45:38,-8.7597,-35.1047,71.76,85,24,11.83
250,Saldanha,ZA,2021-08-02 05:43:39,-33.0117,17.9442,44.65,87,20,6.38
251,Thunder Bay,CA,2021-08-02 05:45:22,48.4001,-89.3168,57.29,93,1,4.61
252,Xinqing,CN,2021-08-02 05:45:39,48.2333,129.5,68.9,99,100,4.52
253,Tuktoyaktuk,CA,2021-08-02 05:45:39,69.4541,-133.0374,57.2,88,75,2.3
254,Swan Hill,AU,2021-08-02 05:45:40,-35.3378,143.5544,61.77,41,3,14.76
255,Gat,IL,2021-08-02 05:44:01,31.61,34.7642,91.4,45,0,3.49
256,Syamzha,RU,2021-08-02 05:45:40,60.0158,41.0614,66.63,79,97,6.93
257,Fort-Shevchenko,KZ,2021-08-02 05:45:41,44.5086,50.263,87.78,39,20,4.92
258,Flin Flon,CA,2021-08-02 05:45:41,54.7682,-101.865,64.24,69,9,1.57
259,Asau,RO,2021-08-02 05:45:41,46.4333,26.4,77.92,64,17,4.68
260,Rosetta,EG,2021-08-02 05:45:42,31.4044,30.4164,82.22,66,0,8.05
261,Whitecourt,CA,2021-08-02 05:45:42,54.1502,-115.6855,70.2,52,96,3.58
262,Sal Rei,CV,2021-08-02 05:45:42,16.1833,-22.9167,75.76,81,95,6.69
263,Brewster,US,2021-08-02 05:45:43,41.3973,-73.6171,67.89,97,90,4.61
264,Nabire,ID,2021-08-02 05:45:43,-3.3667,135.4833,86.85,64,25,5.73
265,Nikolskoye,RU,2021-08-02 05:43:36,59.7035,30.7861,63.01,71,100,4.36
266,Moorhead,US,2021-08-02 05:45:44,46.8739,-96.7676,62.98,73,1,3.44
267,North Platte,US,2021-08-02 05:45:44,41.1239,-100.7654,67.01,74,1,4.0
268,Pronsk,RU,2021-08-02 05:45:44,54.1048,39.6092,72.84,47,22,9.93
269,Muromtsevo,RU,2021-08-02 05:45:45,56.3724,75.2418,76.42,60,39,11.5
270,Krechevitsy,RU,2021-08-02 05:45:45,58.617,31.401,63.18,77,98,3.78
271,Kununurra,AU,2021-08-02 05:45:46,-15.7667,128.7333,94.98,34,46,6.91
272,Gravdal,NO,2021-08-02 05:45:46,68.1214,13.5031,48.09,81,75,13.8
273,Tarauaca,BR,2021-08-02 05:45:46,-8.1614,-70.7656,65.41,59,2,2.51
274,Shush,IR,2021-08-02 05:45:47,32.1942,48.2436,108.23,9,0,7.54
275,Nam Som,TH,2021-08-02 05:45:47,17.7704,102.1895,90.7,69,100,11.12
276,Qaqortoq,GL,2021-08-02 05:44:03,60.7167,-46.0333,54.1,95,100,5.3
277,Kibuye,RW,2021-08-02 05:45:48,-2.0597,29.3482,64.71,56,19,0.94
278,Falmouth,GB,2021-08-02 05:45:48,50.1544,-5.0711,58.1,91,75,3.44
279,Tazovskiy,RU,2021-08-02 05:45:48,67.4667,78.7,63.14,56,100,10.8
280,La Ronge,CA,2021-08-02 05:43:46,55.1001,-105.2842,70.05,56,75,3.44
281,Acapulco,MX,2021-08-02 05:45:49,16.8634,-99.8901,79.7,88,52,4.32
282,Durban,ZA,2021-08-02 05:44:44,-29.8579,31.0292,63.52,78,58,5.99
283,Wajima,JP,2021-08-02 05:45:49,37.4,136.9,88.48,84,40,3.44
284,Jalu,LY,2021-08-02 05:45:50,29.0331,21.5482,88.18,26,1,6.02
285,Chama,CH,2021-08-02 05:45:50,47.1821,8.4636,59.05,93,90,0.0
286,Upington,ZA,2021-08-02 05:45:50,-28.4478,21.2561,43.18,56,0,2.3
287,Caluquembe,AO,2021-08-02 05:45:51,-13.7833,14.6833,54.37,58,23,1.12
288,Yar-Sale,RU,2021-08-02 05:45:51,66.8333,70.8333,56.48,97,100,11.39
289,Kurilsk,RU,2021-08-02 05:45:52,45.2333,147.8833,61.72,77,97,5.7
290,Beyneu,KZ,2021-08-02 05:45:52,45.3167,55.2,99.79,11,0,14.41
291,Grand Gaube,MU,2021-08-02 05:45:52,-20.0064,57.6608,72.0,73,5,4.0
292,Baiyin,CN,2021-08-02 05:45:53,36.5583,104.2081,86.88,19,4,21.25
293,Vilkija,LT,2021-08-02 05:45:53,55.05,23.5833,61.63,98,100,7.25
294,Kruisfontein,ZA,2021-08-02 05:43:42,-34.0033,24.7314,54.88,93,96,8.34
295,Otukpo,NG,2021-08-02 05:45:54,7.1913,8.1329,71.65,95,100,2.39
296,Nelson Bay,AU,2021-08-02 05:45:54,-32.7167,152.15,67.28,69,76,14.54
297,Santiago,CL,2021-08-02 05:45:54,-33.4569,-70.6483,61.29,35,1,2.3
298,Petukhovo,RU,2021-08-02 05:45:55,55.0692,67.9019,77.23,42,56,15.37
299,Kaeo,NZ,2021-08-02 05:45:55,-35.1,173.7833,57.33,73,36,9.48
300,Shubarshi,KZ,2021-08-02 05:45:56,48.5872,57.1869,95.81,20,0,9.46
301,Zhigansk,RU,2021-08-02 05:45:56,66.7697,123.3711,81.45,37,1,13.65
302,Taoudenni,ML,2021-08-02 05:45:56,22.6783,-3.9836,95.52,30,88,9.95
303,Santa Rosa,PH,2021-08-02 05:45:57,14.3122,121.1114,91.38,65,92,20.67
304,Obo,CF,2021-08-02 05:45:57,5.3998,26.4869,67.75,98,100,1.9
305,Chernyshevskiy,RU,2021-08-02 05:45:57,63.0128,112.4714,83.86,29,100,13.09
306,Bengkulu,ID,2021-08-02 05:45:58,-3.8004,102.2655,81.03,78,54,7.7
307,Tiarei,PF,2021-08-02 05:45:58,-17.5333,-149.3333,75.22,69,6,11.65
308,Praia,CV,2021-08-02 05:43:52,14.9215,-23.5087,75.74,73,40,2.3
309,Tambacounda,SN,2021-08-02 05:45:59,13.7539,-13.7586,75.52,90,100,7.27
310,Sambava,MG,2021-08-02 05:45:59,-14.2667,50.1667,73.22,71,26,9.98
311,Seoul,KR,2021-08-02 05:43:49,37.5683,126.9778,84.61,71,90,5.75
312,Churu,IN,2021-08-02 05:46:00,28.3,74.95,91.4,57,42,9.13
313,La Tuque,CA,2021-08-02 05:46:00,47.4334,-72.7824,59.25,88,100,4.61
314,Moree,AU,2021-08-02 05:46:00,-29.4667,149.85,73.42,35,83,0.0
315,Broken Hill,AU,2021-08-02 05:46:01,-31.95,141.4333,64.11,36,40,12.66
316,Rumoi,JP,2021-08-02 05:46:01,43.9344,141.6428,83.88,68,65,3.2
317,Wajid,SO,2021-08-02 05:46:02,3.8093,43.2471,77.72,60,69,23.47
318,Krapivinskiy,RU,2021-08-02 05:46:02,54.9992,86.8133,74.84,52,94,8.68
319,Washington,US,2021-08-02 05:43:54,47.5001,-120.5015,73.98,69,83,3.22
320,Havre-Saint-Pierre,CA,2021-08-02 05:46:03,50.2334,-63.5986,57.2,93,1,4.61
321,Stromness,GB,2021-08-02 05:46:03,58.965,-3.296,50.25,76,100,10.71
322,Beauchamps,FR,2021-08-02 05:46:04,50.012,1.5176,60.39,94,54,9.08
323,Novyy Urengoy,RU,2021-08-02 05:44:29,66.0833,76.6333,68.36,46,100,11.7
324,Bud,US,2021-08-02 05:46:04,39.447,-86.1758,62.69,82,0,5.26
325,Nador,MA,2021-08-02 05:46:04,35.174,-2.9287,62.85,55,20,0.0
326,Kidal,ML,2021-08-02 05:46:05,18.4411,1.4078,87.44,38,96,6.4
327,Ganta,LR,2021-08-02 05:46:05,7.3022,-8.5308,68.2,99,99,2.39
328,Brae,GB,2021-08-02 05:46:06,60.3964,-1.353,48.11,78,100,10.83
329,Ocosingo,MX,2021-08-02 05:46:06,17.0667,-92.25,62.76,98,93,2.89
330,Sakakah,SA,2021-08-02 05:46:07,29.9697,40.2064,87.37,13,0,9.62
331,Kenai,US,2021-08-02 05:46:07,60.5544,-151.2583,71.69,56,1,5.75
332,Mapiripan,CO,2021-08-02 05:46:07,2.8892,-72.1256,68.85,90,100,4.72
333,Jiuquan,CN,2021-08-02 05:46:08,39.7432,98.5174,72.27,37,100,2.95
334,Kieta,PG,2021-08-02 05:46:08,-6.2167,155.6333,80.8,84,32,5.08
335,Lagos,NG,2021-08-02 05:44:37,6.5833,3.75,77.32,91,100,3.06
336,Corozal,CO,2021-08-02 05:46:09,9.3151,-75.2928,75.94,93,98,6.2
337,Pevek,RU,2021-08-02 05:46:09,69.7008,170.3133,35.62,88,100,18.16
338,Vila,PT,2021-08-02 05:46:09,42.0304,-8.1588,55.33,95,77,3.49
339,Ures,MX,2021-08-02 05:46:10,29.4333,-110.4,91.06,55,23,9.15
340,Santa Vitoria Do Palmar,BR,2021-08-02 05:46:10,-33.5189,-53.3681,50.94,94,86,5.68
341,Mehamn,NO,2021-08-02 05:46:10,71.0357,27.8492,46.31,93,75,5.75
342,Letychiv,UA,2021-08-02 05:46:11,49.3826,27.6305,76.96,60,71,11.07
343,Mapastepec,MX,2021-08-02 05:46:11,15.4333,-92.9,77.32,89,100,3.31
344,Acari,PE,2021-08-02 05:46:11,-15.4311,-74.6158,65.64,67,53,3.06
345,Zhoucheng,CN,2021-08-02 05:46:12,35.9122,116.3117,87.55,57,12,10.16
346,Nishihara,JP,2021-08-02 05:46:12,26.1842,127.7558,87.46,82,75,12.66
347,Antsohihy,MG,2021-08-02 05:46:13,-14.8796,47.9875,79.39,43,0,6.11
348,Batagay,RU,2021-08-02 05:46:13,67.6333,134.6333,76.17,24,0,3.53
349,Port Elizabeth,ZA,2021-08-02 05:43:50,-33.918,25.5701,57.09,100,90,9.22
350,Brus Laguna,HN,2021-08-02 05:46:13,15.75,-84.4833,74.12,98,34,1.14
351,Ramjibanpur,IN,2021-08-02 05:46:14,22.8333,87.6167,91.36,57,99,7.85
352,Pangody,RU,2021-08-02 05:46:14,65.85,74.4859,67.53,48,100,13.62
353,San Martin,AR,2021-08-02 05:46:15,-33.081,-68.4681,41.54,40,0,3.18
354,Hinton,CA,2021-08-02 05:46:15,53.4001,-117.5857,71.64,79,99,1.68
355,Ulaangom,MN,2021-08-02 05:46:15,49.9811,92.0667,76.86,29,6,8.81
356,Ostrovnoy,RU,2021-08-02 05:46:16,68.0531,39.5131,58.95,69,28,13.58
357,Melilla,ES,2021-08-02 05:46:16,35.2937,-2.9383,62.98,55,20,0.0
358,San Patricio,US,2021-08-02 05:44:08,28.017,-97.5169,84.85,80,2,11.88
359,Ixtapa,MX,2021-08-02 05:46:17,20.7,-105.2,77.0,92,71,2.08
360,Issia,CI,2021-08-02 05:46:17,6.4922,-6.5856,69.75,98,98,2.48
361,Chapleau,CA,2021-08-02 05:46:17,47.8405,-83.4034,49.51,95,65,2.77
362,Buala,SB,2021-08-02 05:46:18,-8.145,159.5921,79.29,84,100,7.34
363,Balykshi,KZ,2021-08-02 05:46:18,47.0667,51.8667,95.0,15,0,6.71
364,Port Keats,AU,2021-08-02 05:46:18,-14.25,129.55,84.96,57,33,10.33
365,Weligama,LK,2021-08-02 05:46:19,5.9667,80.4167,84.36,68,87,13.4
366,Ambovombe,MG,2021-08-02 05:46:19,-25.1667,46.0833,69.78,56,0,8.59
367,Banda Aceh,ID,2021-08-02 05:46:19,5.5577,95.3222,83.66,66,96,14.14
368,Alenquer,BR,2021-08-02 05:46:20,-1.9417,-54.7383,71.94,85,21,2.73
369,Zapolyarnyy,RU,2021-08-02 05:46:20,69.4154,30.8136,47.48,94,100,5.37
370,Olinda,BR,2021-08-02 05:46:21,-8.0089,-34.8553,71.33,88,40,8.05
371,Marsh Harbour,BS,2021-08-02 05:46:21,26.5412,-77.0636,83.73,75,94,12.44
372,Constitucion,CL,2021-08-02 05:46:21,-35.3333,-72.4167,51.35,64,0,5.86
373,Ponta Delgada,PT,2021-08-02 05:46:22,37.7333,-25.6667,72.32,88,75,13.8
374,Olafsvik,IS,2021-08-02 05:46:22,64.8945,-23.7142,53.29,88,85,3.98
375,Itacare,BR,2021-08-02 05:46:22,-14.2775,-38.9967,66.52,88,100,11.14
376,Puerto Maldonado,PE,2021-08-02 05:46:23,-12.6,-69.1833,65.34,55,6,2.48
377,Gemena,CD,2021-08-02 05:46:23,3.25,19.7667,73.18,85,97,1.63
378,Beringovskiy,RU,2021-08-02 05:43:39,63.05,179.3167,44.96,80,99,24.43
379,Kargasok,RU,2021-08-02 05:46:24,59.0556,80.8572,64.08,63,100,6.67
380,Matara,LK,2021-08-02 05:46:24,5.9485,80.5353,85.37,65,87,13.96
381,General Pico,AR,2021-08-02 05:46:24,-35.6566,-63.7568,42.08,62,0,7.85
382,Flinders,AU,2021-08-02 05:46:25,-34.5833,150.8552,65.21,64,7,4.0
383,Lavrentiya,RU,2021-08-02 05:46:25,65.5833,-171.0,40.17,90,100,18.34
384,Katsuura,JP,2021-08-02 05:46:26,35.1333,140.3,87.91,87,89,11.83
385,Muravlenko,RU,2021-08-02 05:46:26,63.7898,74.523,67.77,51,100,10.49
386,Erzin,TR,2021-08-02 05:44:00,36.9559,36.2,86.52,47,0,4.63
387,Uthal,PK,2021-08-02 05:46:26,25.8072,66.6219,90.59,58,87,6.08
388,Gloversville,US,2021-08-02 05:46:27,43.0528,-74.3438,60.24,98,90,1.01
389,At-Bashi,KG,2021-08-02 05:46:27,41.1702,75.8106,67.57,45,100,5.3
390,Wanning,CN,2021-08-02 05:46:28,18.8003,110.3967,90.28,62,100,12.71
391,Nadadores,MX,2021-08-02 05:46:28,27.05,-101.6,86.23,38,8,2.91
392,Moyale,KE,2021-08-02 05:46:28,3.5167,39.0584,66.34,57,100,16.06
393,Tczew,PL,2021-08-02 05:46:29,54.0924,18.7779,64.65,100,99,9.75
394,Chebarkul,RU,2021-08-02 05:46:29,54.9749,60.3633,77.02,45,59,10.89
395,Qui Nhon,VN,2021-08-02 05:46:29,13.7667,109.2333,95.4,46,85,20.85
396,Tura,IN,2021-08-02 05:46:30,25.5198,90.2201,82.76,81,87,5.46
397,Jeremie,HT,2021-08-02 05:46:30,18.65,-74.1167,80.37,77,82,4.59
398,Timbiqui,CO,2021-08-02 05:46:31,2.7717,-77.6654,75.22,95,100,3.15
399,Chumikan,RU,2021-08-02 05:46:31,54.7183,135.315,53.65,90,100,17.22
400,Camacha,PT,2021-08-02 05:46:32,33.0833,-16.3333,70.56,88,40,14.97
401,Celestun,MX,2021-08-02 05:46:32,20.8667,-90.4,80.02,81,88,12.8
402,Begunitsy,RU,2021-08-02 05:46:32,59.5855,29.3176,62.89,76,100,4.94
403,Naze,JP,2021-08-02 05:46:33,28.3667,129.4833,85.12,87,92,16.69
404,Berdigestyakh,RU,2021-08-02 05:46:33,62.0989,126.6992,81.5,22,100,11.9
405,Canaries,ES,2021-08-02 05:46:34,28.0,-15.5,62.56,73,20,26.46
406,Laguna,US,2021-08-02 05:46:34,38.421,-121.4238,80.44,62,1,3.0
407,Muzhi,RU,2021-08-02 05:46:35,65.3667,64.6667,66.04,65,46,3.2
408,Zhezkazgan,KZ,2021-08-02 05:46:35,47.8043,67.7144,94.35,17,8,4.56
409,Aklavik,CA,2021-08-02 05:46:36,68.2191,-135.0107,70.63,76,89,9.06
410,Miandoab,IR,2021-08-02 05:46:36,36.9694,46.1027,75.58,36,42,6.67
411,Inhuma,BR,2021-08-02 05:46:36,-6.6683,-41.7078,67.71,61,65,10.58
412,Ambilobe,MG,2021-08-02 05:46:37,-13.2,49.05,80.35,48,10,3.65
413,Bezhanitsy,RU,2021-08-02 05:46:37,56.9767,29.8907,66.78,66,100,8.95
414,Bentong,MY,2021-08-02 05:46:37,3.5181,101.9079,95.45,43,77,3.44
415,Cururupu,BR,2021-08-02 05:46:38,-1.8283,-44.8683,71.69,88,60,1.88
416,Kuzedeyevo,RU,2021-08-02 05:46:38,53.3308,87.2019,78.64,43,86,5.41
417,Bauchi,NG,2021-08-02 05:46:39,10.5,10.0,68.56,97,100,9.93
418,Kirakira,SB,2021-08-02 05:46:39,-10.4544,161.9205,77.41,78,100,9.93
419,Venado Tuerto,AR,2021-08-02 05:46:39,-33.7456,-61.9688,40.77,71,0,7.2
420,Cervo,ES,2021-08-02 05:46:40,43.6702,-7.4101,59.97,85,38,2.62
421,Biak,ID,2021-08-02 05:46:40,-0.9131,122.8766,82.04,71,15,5.41
422,Mikhaylovka,RU,2021-08-02 05:46:41,50.06,43.2379,88.5,26,16,2.21
423,Belousovka,KZ,2021-08-02 05:46:41,50.1339,82.5239,86.85,27,46,4.47
424,Rawson,AR,2021-08-02 05:46:41,-43.3002,-65.1023,53.94,36,18,7.02
425,Matehuala,MX,2021-08-02 05:43:59,23.65,-100.65,67.15,76,62,10.85
426,Kitui,KE,2021-08-02 05:46:42,-1.367,38.0106,66.24,61,56,7.56
427,Donskoye,RU,2021-08-02 05:46:42,45.4552,41.9741,89.73,34,3,3.42
428,Aksarayskiy,RU,2021-08-02 05:46:43,46.7924,48.0119,89.55,25,5,5.44
429,Bugojno,BA,2021-08-02 05:46:43,44.0572,17.4508,73.96,59,5,1.81
430,Toledo,ES,2021-08-02 05:46:44,39.8333,-4.0,70.09,43,34,2.17
431,Marawi,PH,2021-08-02 05:46:44,7.9986,124.2928,81.55,64,87,6.02
432,Quatre Cocos,MU,2021-08-02 05:46:44,-20.2078,57.7625,71.71,58,7,14.12
433,Arbutus,US,2021-08-02 05:46:45,39.2546,-76.7,68.86,95,20,4.0
434,Megion,RU,2021-08-02 05:46:45,61.0296,76.1136,57.22,95,100,9.75
435,Lokoja,NG,2021-08-02 05:46:45,7.8024,6.743,72.52,96,97,1.28
436,Paamiut,GL,2021-08-02 05:46:46,61.994,-49.6678,47.08,85,100,18.05
437,Chadan,RU,2021-08-02 05:46:46,51.2833,91.5833,72.18,38,0,0.78
438,Nanortalik,GL,2021-08-02 05:46:46,60.1432,-45.2371,45.84,92,100,8.37
439,Deolali,IN,2021-08-02 05:46:47,19.95,73.8333,77.05,79,100,20.6
440,Peniche,PT,2021-08-02 05:46:47,39.3558,-9.3811,67.73,95,81,7.43
441,Troitsko-Pechorsk,RU,2021-08-02 05:46:48,62.7084,56.1964,66.31,80,23,6.44
442,Vardo,NO,2021-08-02 05:46:48,70.3705,31.1107,48.4,100,75,12.66
443,Traiguen,CL,2021-08-02 05:46:48,-38.25,-72.6833,39.09,88,7,3.78
444,Kstovo,RU,2021-08-02 05:46:49,56.1473,44.1979,76.39,48,100,7.11
445,Arvin,US,2021-08-02 05:46:49,35.2091,-118.8284,96.01,19,0,1.25
446,Batticaloa,LK,2021-08-02 05:46:50,7.7102,81.6924,87.93,59,100,5.68
447,Rio Gallegos,AR,2021-08-02 05:46:50,-51.6226,-69.2181,37.45,70,0,16.11
448,Mogadishu,SO,2021-08-02 05:46:50,2.0371,45.3438,75.07,64,75,8.05
449,Elko,US,2021-08-02 05:42:52,41.0002,-115.5012,62.62,52,70,3.29
450,Hounde,BF,2021-08-02 05:46:51,11.5,-3.5167,71.1,92,9,6.15
451,Mariental,NA,2021-08-02 05:46:51,-24.6333,17.9667,49.96,39,0,8.12
452,Crib Point,AU,2021-08-02 05:46:52,-38.35,145.2,62.26,55,1,14.79
453,Oranjemund,NA,2021-08-02 05:46:52,-28.55,16.4333,58.17,53,0,5.3
454,Margate,GB,2021-08-02 05:46:53,51.3813,1.3862,58.69,75,81,1.99
455,Ranong,TH,2021-08-02 05:46:53,9.9658,98.6348,87.73,85,100,14.81
456,Dicabisagan,PH,2021-08-02 05:46:53,17.0818,122.4157,90.66,64,96,8.55
457,Zhangye,CN,2021-08-02 05:46:54,38.9342,100.4517,64.67,65,100,12.12
458,Kagadi,UG,2021-08-02 05:46:54,0.9606,30.7967,71.35,55,82,1.01
459,Waingapu,ID,2021-08-02 05:46:55,-9.6567,120.2641,83.68,65,69,15.88
460,Bairiki,KI,2021-08-02 05:46:55,1.3292,172.9752,86.0,66,20,4.61
461,Rio Grande,BR,2021-08-02 05:43:52,-32.035,-52.0986,47.95,94,0,7.87
462,Komsomolskiy,UZ,2021-08-02 05:46:56,40.4272,71.7189,87.15,39,10,9.22
463,Mangochi,MW,2021-08-02 05:46:56,-14.4782,35.2645,67.39,59,4,5.37
464,Puerto Del Rosario,ES,2021-08-02 05:46:56,28.5004,-13.8627,69.55,78,40,18.41
465,Roald,NO,2021-08-02 05:46:57,62.5833,6.1333,55.17,76,75,8.05
466,Poopo,BO,2021-08-02 05:46:57,-18.3667,-66.9667,35.92,74,74,4.14
467,Poum,NC,2021-08-02 05:46:58,-20.2333,164.0167,70.05,61,10,17.13
468,Skibbereen,IE,2021-08-02 05:46:58,51.55,-9.2667,51.6,81,100,3.58
469,Kirensk,RU,2021-08-02 05:46:58,57.7853,108.1119,66.25,51,100,9.4
470,Harrisburg,US,2021-08-02 05:43:05,40.2737,-76.8844,63.14,91,1,3.44
471,Itoman,JP,2021-08-02 05:46:59,26.1247,127.6694,88.18,79,40,14.97
472,Indramayu,ID,2021-08-02 05:46:59,-6.3264,108.32,86.74,58,15,15.77
473,Monze,ZM,2021-08-02 05:47:00,-16.2833,27.4833,60.96,48,1,3.94
474,Preston,GB,2021-08-02 05:47:00,53.7667,-2.7167,57.85,66,100,1.79
475,Zambezi,ZM,2021-08-02 05:47:00,-13.5432,23.1047,57.87,56,14,7.02
476,Orthez,FR,2021-08-02 05:47:01,43.4884,-0.7724,55.33,93,50,2.93
477,Dauphin,CA,2021-08-02 05:47:01,51.1494,-100.0502,62.74,77,1,5.75
478,Karratha,AU,2021-08-02 05:47:01,-20.7377,116.8463,77.13,23,0,14.03
479,Yanam,IN,2021-08-02 05:47:02,16.7333,82.2167,91.8,44,95,10.83
480,Hashtrud,IR,2021-08-02 05:47:02,37.4779,47.0508,72.3,49,28,9.91
481,Yenotayevka,RU,2021-08-02 05:47:03,47.2456,47.0281,88.74,30,0,3.11
482,Ratnagiri,IN,2021-08-02 05:47:03,16.9833,73.3,82.11,78,83,17.27
483,Hokitika,NZ,2021-08-02 05:47:03,-42.7167,170.9667,51.17,86,93,5.53
484,Krasnoselkup,RU,2021-08-02 05:47:04,65.7,82.4667,72.48,52,51,11.65
485,Tibati,CM,2021-08-02 05:47:04,6.4667,12.6333,66.25,96,100,1.54
486,Dunedin,NZ,2021-08-02 05:47:04,-45.8742,170.5036,49.8,81,100,1.01
487,Rucheng,CN,2021-08-02 05:47:05,32.3883,120.5553,91.96,69,43,9.84
488,Guymon,US,2021-08-02 05:47:05,36.6828,-101.4816,66.2,88,1,3.44
489,Srednekolymsk,RU,2021-08-02 05:47:06,67.45,153.6833,51.15,45,89,8.48
490,Dwarka,IN,2021-08-02 05:47:06,22.2394,68.9678,83.88,78,96,22.1
491,Port Blair,IN,2021-08-02 05:43:43,11.6667,92.75,86.04,79,75,14.97
492,Gizo,SB,2021-08-02 05:47:06,-8.103,156.8419,80.65,80,40,13.15
493,Mahebourg,MU,2021-08-02 05:43:36,-20.4081,57.7,71.89,68,75,12.66
494,Pathein,MM,2021-08-02 05:47:07,16.7833,94.7333,78.98,90,100,12.73
495,Lolodorf,CM,2021-08-02 05:47:07,3.2333,10.7333,69.01,99,100,2.59
496,Gorontalo,ID,2021-08-02 05:47:08,0.5412,123.0595,86.63,68,32,6.15
497,Hualmay,PE,2021-08-02 05:47:08,-11.0964,-77.6139,62.22,86,65,8.99
498,San Jose,US,2021-08-02 05:45:34,37.3394,-121.895,64.76,72,20,6.91
499,Rocha,UY,2021-08-02 05:47:09,-34.4833,-54.3333,43.47,96,0,5.3
500,Buncrana,IE,2021-08-02 05:47:09,55.1333,-7.45,53.37,90,100,4.12
501,Kavaratti,IN,2021-08-02 05:47:09,10.5669,72.642,82.62,72,60,14.92
502,Dzhebariki-Khaya,RU,2021-08-02 05:47:10,62.2167,135.8,84.31,28,11,4.41
503,Lasa,IT,2021-08-02 05:47:10,46.6166,10.7002,54.48,82,92,3.22
504,Pisco,PE,2021-08-02 05:47:10,-13.7,-76.2167,62.65,82,90,4.61
505,Sa Kaeo,TH,2021-08-02 05:47:11,13.75,102.3333,87.1,67,99,16.44
506,Esperance,AU,2021-08-02 05:47:11,-33.8667,121.9,55.24,71,100,15.17
507,Broome,US,2021-08-02 05:47:12,42.2506,-75.833,61.2,97,90,3.0
508,Lembang,ID,2021-08-02 05:47:12,-6.8117,107.6175,77.05,61,39,3.0
509,Tromso,NO,2021-08-02 05:47:12,69.6496,18.957,48.38,81,75,1.01
510,Benghazi,LY,2021-08-02 05:42:20,32.1167,20.0667,83.17,61,0,9.91
511,Honiara,SB,2021-08-02 05:47:13,-9.4333,159.95,79.43,83,78,2.64
512,Almeirim,BR,2021-08-02 05:47:13,-1.5233,-52.5817,70.75,92,84,4.0
513,Placerville,US,2021-08-02 05:45:05,38.7296,-120.7986,78.76,40,1,3.44
514,Ayan,RU,2021-08-02 05:47:14,56.45,138.1667,55.6,85,99,21.45
515,Grindavik,IS,2021-08-02 05:47:14,63.8424,-22.4338,52.56,100,75,6.91
516,Zeya,RU,2021-08-02 05:47:15,53.75,127.2667,71.33,55,72,2.37
517,Whitehorse,CA,2021-08-02 05:47:15,60.7161,-135.0538,79.57,34,75,3.44
518,Piacabucu,BR,2021-08-02 05:47:16,-10.4056,-36.4344,71.47,71,17,8.28
519,Doboj,BA,2021-08-02 05:42:57,44.7347,18.0878,69.08,76,15,5.66
520,Bathsheba,BB,2021-08-02 05:47:16,13.2167,-59.5167,81.21,78,40,11.5
521,San Cristobal,VE,2021-08-02 05:47:17,7.7669,-72.225,65.39,98,100,6.11
522,Tomatlan,MX,2021-08-02 05:47:17,19.9333,-105.25,76.05,92,88,2.91
523,Port Arthur,CN,2021-08-02 05:47:18,38.8,121.2667,80.82,73,6,11.32
524,Vostok,RU,2021-08-02 05:47:18,46.4856,135.8833,86.38,41,52,4.7
525,Lhokseumawe,ID,2021-08-02 05:47:18,5.1801,97.1507,87.6,58,100,8.23
526,Qasigiannguit,GL,2021-08-02 05:47:19,68.8193,-51.1922,57.45,57,0,10.8
527,Novaya Zaimka,RU,2021-08-02 05:47:19,56.4857,66.9241,74.95,50,14,14.03
528,Lata,PT,2021-08-02 05:47:19,40.1629,-8.3327,64.35,96,99,1.5
529,Wewak,PG,2021-08-02 05:47:20,-3.5534,143.6268,83.08,78,55,9.08
530,Snyder,US,2021-08-02 05:47:20,32.7179,-100.9176,71.35,100,40,5.75
531,Vallenar,CL,2021-08-02 05:47:20,-28.5708,-70.7581,61.5,44,0,1.39
532,Hasaki,JP,2021-08-02 05:43:28,35.7333,140.8333,88.09,83,63,11.99
533,Haora,IN,2021-08-02 05:47:21,22.5892,88.3103,91.4,75,75,5.75
534,Rundu,NA,2021-08-02 05:47:21,-17.9333,19.7667,52.97,51,0,5.17
535,Rayong,TH,2021-08-02 05:47:22,12.8333,101.4333,88.03,78,100,13.89
536,Nisia Floresta,BR,2021-08-02 05:47:22,-6.0911,-35.2086,74.21,84,6,12.59
537,Tungor,RU,2021-08-02 05:47:22,53.3808,142.9564,60.49,70,97,10.85
538,Viransehir,TR,2021-08-02 05:47:23,37.2353,39.7631,95.47,20,65,17.07
539,Nalut,LY,2021-08-02 05:47:23,30.3333,10.85,85.41,15,4,8.28
540,Caravelas,BR,2021-08-02 05:47:24,-17.7125,-39.2481,69.17,58,82,6.46
541,Nizhyn,UA,2021-08-02 05:47:24,51.048,31.8869,78.08,65,38,12.03
542,Atocha,BO,2021-08-02 05:47:24,-20.9333,-66.2333,31.66,89,26,4.05
543,Guerrero Negro,MX,2021-08-02 05:47:25,27.9769,-114.0611,73.4,75,0,12.01
544,Port Lincoln,AU,2021-08-02 05:47:25,-34.7333,135.8667,54.16,69,95,19.55
545,Nouakchott,MR,2021-08-02 05:47:25,18.0858,-15.9785,76.93,85,87,10.02
546,Mana,GF,2021-08-02 05:47:26,5.6592,-53.7767,76.24,86,63,7.81
547,Malatya,TR,2021-08-02 05:47:26,38.5,38.0,78.85,32,0,4.61
548,Rusape,ZW,2021-08-02 05:47:27,-18.5278,32.1284,56.12,45,0,1.05
549,Shingu,JP,2021-08-02 05:47:27,33.7333,135.9833,88.92,71,99,7.85
550,Vuktyl,RU,2021-08-02 05:47:27,63.8567,57.3094,66.38,66,30,4.56
551,Ola,RU,2021-08-02 05:47:28,59.5833,151.2833,58.77,47,15,19.95
552,Barra Patuca,HN,2021-08-02 05:47:28,15.8,-84.2833,78.55,89,35,6.71
553,Kahului,US,2021-08-02 05:47:28,20.8947,-156.47,78.82,75,40,19.57
554,Katobu,ID,2021-08-02 05:47:29,-4.9408,122.5276,88.25,52,3,5.3
555,Antalaha,MG,2021-08-02 05:47:29,-14.9003,50.2788,74.28,69,16,8.23
556,Sinalunga,IT,2021-08-02 05:47:30,43.2152,11.7495,69.21,65,12,3.0
557,Vilyuysk,RU,2021-08-02 05:47:30,63.7553,121.6247,86.81,18,92,13.15
558,Tambura,SS,2021-08-02 05:47:31,5.6,27.4667,67.91,97,100,2.59
559,Karachi,PK,2021-08-02 05:46:09,24.9056,67.0822,84.02,70,90,18.41
560,Padang,ID,2021-08-02 05:47:31,-0.9492,100.3543,86.05,75,100,5.03
561,Akyab,MM,2021-08-02 05:47:31,20.15,92.9,81.41,86,100,10.18
562,Pali,IN,2021-08-02 05:47:32,25.7667,73.3333,86.02,67,100,18.43
563,Vestmanna,FO,2021-08-02 05:47:33,62.1564,-7.1664,45.52,87,90,1.14
